subreddits,category
philosophyofrape,trp
pussypass,mra
mensrights,mra
theredpill,trp
redpillwomen,trp
seduction,pua
pickup,pua
askseddit,pua
fpua,pua
pua,pua
rsd,pua
puascience,pua
incels,incels
braincels,incels
thebluepill,criticism
marriedredpill,trp
redpillwives,trp
asktrp,trp
redpillparenting,trp
thanktrp,trp
becomeaman,trp
alttrp,trp
geotrp,trp
trpofftopic,trp
askanincel,incels
blackpillscience,incels
incelswithouthate,incels
foreveralone,incels
mensrightslinks,mra
mensrightslaw,mra
ladymras,mra
mrref,mra
mractivism,mra
masculism,mra
intactivists,mra
egalitarianism,mra
gold_digger,mgtow
mgtowmusic,mgtow
mgtowbooks,mgtow
mgtow,mgtow
malecels,incels
maleforeveralone,incels
1ncels,incels
truecels,incels
incelbrotherhood,incels
incelspurgatory,incels
lonelynonviolentmen,incels
foreveraloneteens,incels
foreveralonelondon,incels
gaycel,incels
incelselfies,incels
gymcels,incels
foreverunwanted,incels
inceldense,incels
supportcel,incels
foreveralonedating,incels
truefemcels,incels